{
	"lexicon": 1,
	"id": "com.atproto.admin.getAccountInfos",
	"defs": {
		"main": {
			"type": "query",
			"description": "Get details about some accounts.",
			"parameters": {
				"type": "params",
				"required": ["dids"],
				"properties": {
					"dids": {
						"type": "array",
						"items": { "type": "string", "format": "did" }
					}
				}
			},
			"output": {
				"encoding": "application/json",
				"schema": {
					"type": "object",
					"required": ["infos"],
					"properties": {
						"infos": {
							"type": "array",
							"items": {
								"type": "ref",
								"ref": "com.atproto.admin.defs#accountView"
							}
						}
					}
				}
			}
		}
	}
}
