{
	"lexicon": 1,
	"id": "com.atproto.admin.updateAccountEmail",
	"defs": {
		"main": {
			"type": "procedure",
			"description": "Administrative action to update an account's email.",
			"input": {
				"encoding": "application/json",
				"schema": {
					"type": "object",
					"required": ["account", "email"],
					"properties": {
						"account": {
							"type": "string",
							"format": "at-identifier",
							"description": "The handle or DID of the repo."
						},
						"email": { "type": "string" }
					}
				}
			}
		}
	}
}
