{
	"lexicon": 1,
	"id": "app.bsky.notification.registerPush",
	"defs": {
		"main": {
			"type": "procedure",
			"description": "Register to receive push notifications, via a specified service, for the requesting account. Requires auth.",
			"input": {
				"encoding": "application/json",
				"schema": {
					"type": "object",
					"required": ["serviceDid", "token", "platform", "appId"],
					"properties": {
						"serviceDid": { "type": "string", "format": "did" },
						"token": { "type": "string" },
						"platform": {
							"type": "string",
							"knownValues": ["ios", "android", "web"]
						},
						"appId": { "type": "string" }
					}
				}
			}
		}
	}
}
