{
	"lexicon": 1,
	"id": "app.bsky.graph.getListMutes",
	"defs": {
		"main": {
			"type": "query",
			"description": "Enumerates mod lists that the requesting account (actor) currently has muted. Requires auth.",
			"parameters": {
				"type": "params",
				"properties": {
					"limit": {
						"type": "integer",
						"minimum": 1,
						"maximum": 100,
						"default": 50
					},
					"cursor": { "type": "string" }
				}
			},
			"output": {
				"encoding": "application/json",
				"schema": {
					"type": "object",
					"required": ["lists"],
					"properties": {
						"cursor": { "type": "string" },
						"lists": {
							"type": "array",
							"items": { "type": "ref", "ref": "app.bsky.graph.defs#listView" }
						}
					}
				}
			}
		}
	}
}
