{
	"lexicon": 1,
	"id": "sh.tangled.knot.member",
	"needsCbor": true,
	"needsType": true,
	"defs": {
		"main": {
			"type": "record",
			"key": "tid",
			"record": {
				"type": "object",
				"required": ["subject", "domain", "createdAt"],
				"properties": {
					"subject": {
						"type": "string",
						"format": "did"
					},
					"domain": {
						"type": "string",
						"description": "domain that this member now belongs to"
					},
					"createdAt": {
						"type": "string",
						"format": "datetime"
					}
				}
			}
		}
	}
}
