{
	"lexicon": 1,
	"id": "chat.bsky.convo.muteConvo",
	"defs": {
		"main": {
			"type": "procedure",
			"input": {
				"encoding": "application/json",
				"schema": {
					"type": "object",
					"required": ["convoId"],
					"properties": {
						"convoId": { "type": "string" }
					}
				}
			},
			"output": {
				"encoding": "application/json",
				"schema": {
					"type": "object",
					"required": ["convo"],
					"properties": {
						"convo": {
							"type": "ref",
							"ref": "chat.bsky.convo.defs#convoView"
						}
					}
				}
			}
		}
	}
}
