{
	"lexicon": 1,
	"id": "app.bsky.unspecced.getSuggestedStarterPacksSkeleton",
	"defs": {
		"main": {
			"type": "query",
			"description": "Get a skeleton of suggested starterpacks. Intended to be called and hydrated by app.bsky.unspecced.getSuggestedStarterpacks",
			"parameters": {
				"type": "params",
				"properties": {
					"viewer": {
						"type": "string",
						"format": "did",
						"description": "DID of the account making the request (not included for public/unauthenticated queries)."
					},
					"limit": {
						"type": "integer",
						"minimum": 1,
						"maximum": 25,
						"default": 10
					}
				}
			},
			"output": {
				"encoding": "application/json",
				"schema": {
					"type": "object",
					"required": ["starterPacks"],
					"properties": {
						"starterPacks": {
							"type": "array",
							"items": {
								"type": "string",
								"format": "at-uri"
							}
						}
					}
				}
			}
		}
	}
}
