{
	"lexicon": 1,
	"id": "blue.moji.packs.defs",
	"defs": {
		"packViewBasic": {
			"type": "object",
			"required": ["uri", "cid", "name"],
			"properties": {
				"uri": { "type": "string", "format": "at-uri" },
				"cid": { "type": "string", "format": "cid" },
				"name": { "type": "string", "maxLength": 64, "minLength": 1 },
				"description": {
					"type": "string",
					"maxGraphemes": 300,
					"maxLength": 3000
				},
				"descriptionFacets": {
					"type": "array",
					"items": { "type": "ref", "ref": "blue.moji.richtext.facet" }
				},
				"avatar": { "type": "string", "format": "uri" },
				"itemCount": { "type": "integer", "minimum": 0 },
				"labels": {
					"type": "array",
					"items": { "type": "ref", "ref": "com.atproto.label.defs#label" }
				},
				"viewer": { "type": "ref", "ref": "#packViewerState" },
				"indexedAt": { "type": "string", "format": "datetime" }
			}
		},
		"packView": {
			"type": "object",
			"required": ["uri", "cid", "creator", "name", "indexedAt"],
			"properties": {
				"uri": { "type": "string", "format": "at-uri" },
				"cid": { "type": "string", "format": "cid" },
				"creator": { "type": "ref", "ref": "app.bsky.actor.defs#profileView" },
				"name": { "type": "string", "maxLength": 64, "minLength": 1 },
				"description": {
					"type": "string",
					"maxGraphemes": 300,
					"maxLength": 3000
				},
				"descriptionFacets": {
					"type": "array",
					"items": { "type": "ref", "ref": "app.bsky.richtext.facet" }
				},
				"avatar": { "type": "string", "format": "uri" },
				"packItemCount": { "type": "integer", "minimum": 0 },
				"labels": {
					"type": "array",
					"items": { "type": "ref", "ref": "com.atproto.label.defs#label" }
				},
				"viewer": { "type": "ref", "ref": "#packViewerState" },
				"indexedAt": { "type": "string", "format": "datetime" }
			}
		},
		"packItemView": {
			"type": "object",
			"required": ["uri", "subject"],
			"properties": {
				"uri": { "type": "string", "format": "at-uri" },
				"subject": {
					"type": "ref",
					"ref": "blue.moji.collection.item#itemView"
				}
			}
		},
		"packViewerState": {
			"type": "object",
			"properties": {
				"savedToCollection": { "type": "boolean" }
			}
		}
	}
}
