{
	"lexicon": 1,
	"id": "blue.moji.packs.getActorPacks",
	"defs": {
		"main": {
			"type": "query",
			"description": "Get a list of Bluemoji packs created by the actor.",
			"parameters": {
				"type": "params",
				"required": ["actor"],
				"properties": {
					"actor": { "type": "string", "format": "at-identifier" },
					"limit": {
						"type": "integer",
						"minimum": 1,
						"maximum": 100,
						"default": 50
					},
					"cursor": { "type": "string" }
				}
			},
			"output": {
				"encoding": "application/json",
				"schema": {
					"type": "object",
					"required": ["packs"],
					"properties": {
						"cursor": { "type": "string" },
						"packs": {
							"type": "array",
							"items": {
								"type": "ref",
								"ref": "blue.moji.packs.defs#packViewBasic"
							}
						}
					}
				}
			}
		}
	}
}
