{
	"lexicon": 1,
	"id": "blue.moji.packs.getPack",
	"defs": {
		"main": {
			"type": "query",
			"description": "Gets a 'view' (with additional context) of a specified pack.",
			"parameters": {
				"type": "params",
				"required": ["pack"],
				"properties": {
					"pack": {
						"type": "string",
						"format": "at-uri",
						"description": "Reference (AT-URI) of the pack record to hydrate."
					},
					"limit": {
						"type": "integer",
						"minimum": 1,
						"maximum": 100,
						"default": 50
					},
					"cursor": { "type": "string" }
				}
			},
			"output": {
				"encoding": "application/json",
				"schema": {
					"type": "object",
					"required": ["pack", "items"],
					"properties": {
						"cursor": { "type": "string" },
						"pack": { "type": "ref", "ref": "blue.moji.packs.defs#packView" },
						"items": {
							"type": "array",
							"items": {
								"type": "ref",
								"ref": "blue.moji.packs.defs#packItemView"
							}
						}
					}
				}
			}
		}
	}
}
