{
	"lexicon": 1,
	"id": "blue.moji.packs.pack",
	"defs": {
		"main": {
			"type": "record",
			"description": "A shareable Bluemoji pack",
			"key": "tid",
			"record": {
				"type": "object",
				"required": ["name", "createdAt"],
				"properties": {
					"name": { "type": "string", "maxLength": 64, "minLength": 1 },
					"description": {
						"type": "string",
						"maxGraphemes": 300,
						"maxLength": 3000
					},
					"descriptionFacets": {
						"type": "array",
						"items": { "type": "ref", "ref": "blue.moji.richtext.facet" }
					},
					"icon": {
						"type": "blob",
						"accept": ["image/png", "image/jpeg"],
						"maxSize": 1000000
					},
					"adultOnly": { "type": "boolean", "default": false },
					"createdAt": { "type": "string", "format": "datetime" },
					"labels": {
						"type": "union",
						"description": "Self-label values for this emoji. Effectively content warnings.",
						"refs": ["com.atproto.label.defs#selfLabels"]
					}
				}
			}
		}
	}
}
