{
	"lexicon": 1,
	"id": "app.bsky.actor.profile",
	"defs": {
		"main": {
			"type": "record",
			"description": "A declaration of a Bluesky account profile.",
			"key": "literal:self",
			"record": {
				"type": "object",
				"properties": {
					"displayName": {
						"type": "string",
						"maxGraphemes": 64,
						"maxLength": 640
					},
					"description": {
						"type": "string",
						"description": "Free-form profile description text.",
						"maxGraphemes": 256,
						"maxLength": 2560
					},
					"avatar": {
						"type": "blob",
						"description": "Small image to be displayed next to posts from account. AKA, 'profile picture'",
						"accept": ["image/png", "image/jpeg"],
						"maxSize": 1000000
					},
					"banner": {
						"type": "blob",
						"description": "Larger horizontal image to display behind profile view.",
						"accept": ["image/png", "image/jpeg"],
						"maxSize": 1000000
					},
					"labels": {
						"type": "union",
						"description": "Self-label values, specific to the Bluesky application, on the overall account.",
						"refs": ["com.atproto.label.defs#selfLabels"]
					},
					"joinedViaStarterPack": {
						"type": "ref",
						"ref": "com.atproto.repo.strongRef"
					},
					"pinnedPost": {
						"type": "ref",
						"ref": "com.atproto.repo.strongRef"
					},
					"createdAt": { "type": "string", "format": "datetime" }
				}
			}
		}
	}
}
