{
	"lexicon": 1,
	"id": "blue.moji.collection.saveToCollection",
	"defs": {
		"main": {
			"type": "procedure",
			"description": "Copy a single emoji from another repo. Requires auth.",
			"input": {
				"encoding": "application/json",
				"schema": {
					"type": "object",
					"required": ["source", "name"],
					"properties": {
						"source": {
							"type": "string",
							"format": "at-identifier",
							"description": "The handle or DID of the repo to copy from."
						},
						"name": {
							"type": "string",
							"description": "The source Bluemoji name/rkey.",
							"maxLength": 15
						},
						"renameTo": {
							"type": "string",
							"description": "The alias to save the Bluemoji to in the current logged-in user's repo."
						}
					}
				}
			},
			"output": {
				"encoding": "application/json",
				"schema": {
					"type": "object",
					"required": ["uri", "item"],
					"properties": {
						"uri": { "type": "string", "format": "at-uri" },
						"item": {
							"type": "ref",
							"ref": "blue.moji.collection.item#itemView"
						}
					}
				}
			},
			"errors": [
				{
					"name": "EmojiNotFound",
					"description": "Indicates the named Bluemoji was not found in the source repo."
				},
				{
					"name": "DestinationExists",
					"description": "Indicates another Bluemoji with the same name already exists in the source repo. Set renameTo to rename."
				}
			]
		}
	}
}
