{
	"lexicon": 1,
	"id": "app.bsky.feed.getSuggestedFeeds",
	"defs": {
		"main": {
			"type": "query",
			"description": "Get a list of suggested feeds (feed generators) for the requesting account.",
			"parameters": {
				"type": "params",
				"properties": {
					"limit": {
						"type": "integer",
						"minimum": 1,
						"maximum": 100,
						"default": 50
					},
					"cursor": { "type": "string" }
				}
			},
			"output": {
				"encoding": "application/json",
				"schema": {
					"type": "object",
					"required": ["feeds"],
					"properties": {
						"cursor": { "type": "string" },
						"feeds": {
							"type": "array",
							"items": {
								"type": "ref",
								"ref": "app.bsky.feed.defs#generatorView"
							}
						}
					}
				}
			}
		}
	}
}
