{
	"lexicon": 1,
	"id": "tools.ozone.moderation.getReporterStats",
	"defs": {
		"main": {
			"type": "query",
			"description": "Get reporter stats for a list of users.",
			"parameters": {
				"type": "params",
				"required": ["dids"],
				"properties": {
					"dids": {
						"type": "array",
						"maxLength": 100,
						"items": {
							"type": "string",
							"format": "did"
						}
					}
				}
			},
			"output": {
				"encoding": "application/json",
				"schema": {
					"type": "object",
					"required": ["stats"],
					"properties": {
						"stats": {
							"type": "array",
							"items": {
								"type": "ref",
								"ref": "tools.ozone.moderation.defs#reporterStats"
							}
						}
					}
				}
			}
		}
	}
}
