{
	"lexicon": 1,
	"id": "tools.ozone.moderation.getRepos",
	"defs": {
		"main": {
			"type": "query",
			"description": "Get details about some repositories.",
			"parameters": {
				"type": "params",
				"required": ["dids"],
				"properties": {
					"dids": {
						"type": "array",
						"maxLength": 100,
						"items": {
							"type": "string",
							"format": "did"
						}
					}
				}
			},
			"output": {
				"encoding": "application/json",
				"schema": {
					"type": "object",
					"required": ["repos"],
					"properties": {
						"repos": {
							"type": "array",
							"items": {
								"type": "union",
								"refs": [
									"tools.ozone.moderation.defs#repoViewDetail",
									"tools.ozone.moderation.defs#repoViewNotFound"
								]
							}
						}
					}
				}
			}
		}
	}
}
