{
	"lexicon": 1,
	"id": "tools.ozone.moderation.getRecord",
	"defs": {
		"main": {
			"type": "query",
			"description": "Get details about a record.",
			"parameters": {
				"type": "params",
				"required": ["uri"],
				"properties": {
					"uri": { "type": "string", "format": "at-uri" },
					"cid": { "type": "string", "format": "cid" }
				}
			},
			"output": {
				"encoding": "application/json",
				"schema": {
					"type": "ref",
					"ref": "tools.ozone.moderation.defs#recordViewDetail"
				}
			},
			"errors": [{ "name": "RecordNotFound" }]
		}
	}
}
