{
	"lexicon": 1,
	"id": "tools.ozone.moderation.searchRepos",
	"defs": {
		"main": {
			"type": "query",
			"description": "Find repositories based on a search term.",
			"parameters": {
				"type": "params",
				"properties": {
					"term": {
						"type": "string",
						"description": "DEPRECATED: use 'q' instead"
					},
					"q": { "type": "string" },
					"limit": {
						"type": "integer",
						"minimum": 1,
						"maximum": 100,
						"default": 50
					},
					"cursor": { "type": "string" }
				}
			},
			"output": {
				"encoding": "application/json",
				"schema": {
					"type": "object",
					"required": ["repos"],
					"properties": {
						"cursor": { "type": "string" },
						"repos": {
							"type": "array",
							"items": {
								"type": "ref",
								"ref": "tools.ozone.moderation.defs#repoView"
							}
						}
					}
				}
			}
		}
	}
}
